text,text_name
"Sziasztok!

Na, most komolyan, mi ez az egész új hullám a gyermeknevelés körül? Mindenki azt akarja mondani, hogy ""ne mondd meg a gyereknek, hogy mit csináljon, hagyjad, hogy magától jöjjön rá."" De nekem ez egyszerűen nem jön be. Látom az utcán, a boltban, mindenhol ezeket a vad gyerekeket, akik szó nélkül parancsolnak a szülőknek. Hát ez mitől jó?

Régen nem így volt, tudjátok. Akkor még voltak szabályok, volt rend, és a gyerekek tisztelték a felnőtteket. Nem úgy, mint most. Ma minden a gyerek körül forog, és ők irányítanak. Nem értem, miért gondolják ezt jónak. Szerintem ez csak ront a helyzeten, mert a gyerek nem tanulja meg, hogy kell viselkedni, hogy kell tiszteletet adni másoknak.

Én úgy gondolom, hogy a gyerekeknek szükségük van vezetésre. Szükségük van valakire, aki megmondja nekik, hogy mi a helyes és mi a helytelen. Nem kellene mindig csak engedni nekik és hagyni, hogy azt csináljanak, amit akarnak. Ez csak önző és tiszteletlen felnőtteket nevel belőlük. Tudom, hogy sokan nem értenek egyet ezzel, de nézzük csak meg a régi időket, amikor még a gyerekek tudták a helyüket, és sokkal jobban tisztelték a szülőket és a felnőtteket.

Mondjuk ki, nem minden régi módszer rossz, és nem minden új módszer jó. Szerintem sokkal több fegyelmet és határozott vezetést kellene bevezetni a gyermeknevelésbe. Ne hagyjuk, hogy a gyerekek elhitesse magukkal, hogy mindent megkaphatnak, amit csak akarnak, anélkül, hogy dolgoznának érte vagy, hogy tiszteletet adnának érte.

Ezért van szükségünk arra, hogy visszatérjünk néhány régi, bevált módszerhez, amelyeket sokan ma már túl szigorúnak találnak. De a szigor nem rossz, ha ésszerűen és szeretettel alkalmazzák. Egy kis szigor segíthet a gyerekeknek megtanulni, hogy milyen a valódi világ, ahol nem kapnak mindent az ölükbe.

Szóval, szerintem ideje lenne felülvizsgálni, hogy mit csinálunk, és esetleg egy kicsit visszafordulni azokhoz a módszerekhez, amik beváltak. Nem kell mindig minden új dologgal menni, főleg, ha látjuk, hogy nem működik olyan jól, mint várnánk.

Tudom, hogy sokan azt gondolják, hogy a régi módszerek túl szigorúak, és hogy a gyerekeknek szabadságra van szükségük ahhoz, hogy kibontakoztassák egyéniségüket. De kérdem én, hol a határ? A szabadság jó, de csak akkor, ha van mellette egyértelmű keretrendszer, amely meghatározza, hogy mit szabad és mit nem. A gyerekeknek szükségük van erre a keretre ahhoz, hogy biztonságban érezzék magukat és megfelelően fejlődhessenek.

És nem csak a viselkedésük miatt van ez így. A tanulmányok is mutatják, hogy a strukturált környezet, ahol világos szabályok vannak, segíti a gyerekek akadémiai és szociális fejlődését. Ha tudják, mire számíthatnak, és ismerik a következményeket, sokkal könnyebben tudnak koncentrálni a tanulásra és más tevékenységekre.

Saját tapasztalataimból mondom ezt. Láttam, hogy azok a gyerekek, akiknek világos határokat szabtak a szüleik, kiegyensúlyozottabbak és boldogabbak. Ezek a gyerekek jobban teljesítenek az iskolában, és jobb kapcsolatokat ápolnak a társaikkal. Nem azért, mert félelemben nőttek fel, hanem mert tudták, hogy a szüleik törődnek velük, és megadták nekik azt a stabilitást, amire szükségük van.

Ráadásul, ha megnézzük a társadalmat, láthatjuk, hogy azokban a közösségekben, ahol a gyerekeknek több szeretetteljes szigorral határokat szabnak, alacsonyabb a bűnözési ráta és erősebb a közösségi összetartás. Ez nem véletlen. Amikor a gyerekek megtanulják tiszteletben tartani másokat és felelősséget vállalni a tetteikért, jobb felnőttekké válnak.

Végül is, a gyermeknevelés célja nem az, hogy a gyerekeket elszigeteljük a valóságtól vagy megvédjük őket minden negatív dologtól. A cél az, hogy felkészítsük őket arra, hogy képesek legyenek szembenézni a világgal, felvállalni a kihívásokat, és boldog, teljes életet élni. És szerintem a régi módszerek, amelyek magukban foglalják a világos határok és szabályok alkalmazását, nagyban hozzájárulhatnak ehhez a célhoz.

Tehát, bár sokan talán nem értenek egyet velem, és a modern pszichológiai iskolák más irányt sugallnak, úgy vélem, érdemes újragondolni és esetleg visszanyúlni néhány bevált, régebbi nevelési elvhez. Nem szabad félnünk attól, hogy ""szigorúak"" legyünk, ha ezt szeretettel és a gyerekek legjobb érdekében tesszük.",andris_gpt0
"Napjainkban úgy tűnik, hogy a pszichológia mindenre választ tud adni, és az emberek vakon követik, amit ez a tudomány mond nekik. De vajon tényleg minden problémánkra megoldást nyújt a pszichológia? A legújabb trend, hogy minden viselkedési probléma mögött valamilyen pszichológiai zavar áll, engem egészen elszomorít. Ez a szemlélet egyáltalán nem segíti elő az egyének felelősségvállalását saját tetteikért.

Először is, úgy vélem, hogy a modern pszichológia túlságosan hangsúlyozza a diagnózisok és címkék fontosságát. Az emberek hajlamosak elfogadni egy diagnózist mint kifogást arra, hogy miért nem változtathatnak a viselkedésükön vagy miért nem tudnak felelősséget vállalni a saját életükért. Ez az áldozat-mentalitás, amit a pszichológia néha erősít, csak tovább gyengíti az emberek képességét arra, hogy aktívan formálják a saját sorsukat.

Ráadásul, sok esetben a pszichológiai tanácsok és terápiák helyett egyszerűen csak jobb döntéshozatalra és erősebb akaratra lenne szükség. Az emberek gyakran arra használják a pszichológia által kínált magyarázatokat, hogy elkerüljék a valódi megoldásokat, és inkább a problémák mögé bújjanak.

Vegyük például a stressz kezelését. Manapság mindenki arról beszél, hogy milyen stresszes az élete, és szakemberektől várják a megoldást. De mi lenne, ha egyszerűen csak jobban szerveznénk a napunkat, többet mozognánk, vagy több időt töltenénk szeretteinkkel? Ezek az egyszerű megoldások gyakran hatékonyabbak lehetnek, mint bonyolult pszichológiai elméletek és drága terápiák.

A pszichológia által nyújtott túlzott önfókusz és introspekció továbbá elvonja az emberek figyelmét a külvilágról és a közösségükről való gondoskodásról. Az önmagunkba mélyedés helyett talán jobban tennénk, ha többet törődnénk másokkal és aktívabbá válnánk a közösségünkben. Ez a fajta külső orientáció sokkal több elégedettséget és boldogságot hozhat, mint az állandó belső elemzés.

Összességében úgy gondolom, hogy a pszichológia, bár kétségkívül hasznos tudomány, néha túlzásba viszi a dolgokat, és nem mindig nyújt valós megoldásokat az emberek problémáira. Jobban tennénk, ha kevesebb időt töltenénk pszichológiai elméletek tanulmányozásával, és többet azon, hogy egyszerű, gyakorlati lépéseket tegyünk a boldogabb és teljesebb élet felé. Az igazi változás gyakran a saját kezünkben van, nem pedig egy pszichológus irodájában.

Nem tagadom, a pszichológia nagyszerű eszközei segíthetnek felfedezni magunkban rejlő, mélyen eltemetett kérdéseket, és számos esetben alapvetően fontos, hogy szakember segítségét vegyük igénybe. De az a megközelítés, hogy minden problémánk gyökere valamilyen mélyebb pszichológiai zavarban keresendő, néha elhomályosíthatja a helyzet valóságát és a praktikus, mindennapi megoldásokat.

Példaként hozható a depresszió kezelése. Az orvosi és pszichológiai közösségben elterjedt a gyógyszeres kezelés, mint elsődleges beavatkozás. De vajon meddig mehetünk el ezen az úton anélkül, hogy szembenéznénk a valódi, gyakran társadalmi vagy életmódbeli okokkal? Egy túlhajszolt, teljesítményközpontú társadalomban nem mindig a gyógyszerek adják a legjobb választ. Olykor a munkahelyi környezet megváltoztatása, a pihenőidő növelése vagy a társas kapcsolatok erősítése hozhat tartósabb megoldást.

A pszichológia területén is óriási a kísértés, hogy minden problémát mélyreható és bonyolult elméletekkel magyarázzunk. Ez azonban elfedi azt a lehetőséget, hogy néha a legegyszerűbb megoldások a legjobbak. Például, ha valaki munkahelyi stressztől szenved, lehet, hogy egy egyszerű munkarend-változás vagy feladatkör-módosítás sokkal hatékonyabb lehet, mint hosszú távú terápiás eljárások.

Azt is meg kell vizsgálni, hogyan hat a pszichológiai tanácsadás és terápia alkalmazása a társadalomra. Valóban elősegíti-e az egyének önállóságát, vagy inkább függőséget erősít egy szakértői rendszertől, amely gyakran távol áll az egyének valós életétől? A pszichológiai segítségnyújtás szándéka nemes, de nem szabad, hogy elvonja az embereket attól, hogy saját maguk is aktívan formálják körülményeiket.

Ezen túl, nem szabad elfeledkeznünk arról, hogy a pszichológiai megközelítések és kezelések hatékonysága nagymértékben függ az egyéni különbségektől. Ami az egyik embernek működik, az a másiknak nem feltétlenül. Ezért fontos egy személyre szabott megközelítés, ami azonban gyakran elveszik a jelenlegi, gyakran iparszerű pszichológiai ellátásban.

Összegzésképp, a pszichológia mint tudomány rengeteg lehetőséget nyújt az emberi elme megértésére és a lelki problémák kezelésére. Azonban kritikusan kell kezelnünk a pszichológia alkalmazását és hatásait, különösen a modern társadalomban, ahol gyakran túlzottan támaszkodunk külső szakértőkre saját problémáink megoldása helyett. A legnagyobb kihívás talán az, hogy megtaláljuk az egyensúlyt a tudományos megközelítések és a mindennapi, praktikus megoldások között, miközben tiszteletben tartjuk az egyének képességét arra, hogy saját életüket irányítsák.",andris_gpt2
"Nos, én úgy látom, hogy sokan elfelejtették, milyen fontos szerepet játszanak a fosszilis energiahordozók a modern társadalomban. Mindenki csak a megújuló energiákról beszél, de elfelejtik, hogy a fosszilis energiahordozók nélkül számos iparág egyszerűen nem működne.

Gondoljunk csak bele, mennyi minden függ a fosszilis energiahordozóktól! Az egész gyártási szektor, a közlekedés, a fűtés – ezek mind-mind szénre, olajra és gázra támaszkodnak. És mi lenne a repüléssel? A repülőgépek nem működhetnének a jelenlegi technológiával megújuló energiaforrásokkal. Az, hogy ma elutazhatsz egyik napról a másikra a világ másik felére, kőolaj nélkül elképzelhetetlen lenne.

Ezek után hogyan mondhatjuk, hogy csak úgy le kellene állítani a fosszilis energiahordozók használatát? Ez teljesen irreális. A megújuló energiák – mint a szél vagy a napenergia – nem képesek még arra, hogy teljes mértékben kiváltsák a fosszilis energiahordozókat. Nem állnak rendelkezésre állandóan és mindenhol, ráadásul tárolásuk is problémás és költséges.

Ráadásul, sokan nem veszik figyelembe azt sem, hogy a fosszilis energiahordozók árai stabilak és kiszámíthatóak, ami a gazdaság számára létfontosságú. A megújuló energiák bevezetése hatalmas gazdasági kockázatot jelent, amit sok ország egyszerűen nem engedhet meg magának. A fosszilis energiahordozók használata biztosítja a gazdasági stabilitást és a függetlenséget.

És ne feledjük el a munkahelyeket sem! A fosszilis energiahordozók ipara millióknak ad munkát világszerte. Ha ezeket az iparágakat hirtelen megszüntetnénk, mi lenne ezekkel az emberekkel? A zöld munkahelyek nem tudják őket azonnal és mindenhol pótolni. Ez a valóság, akár tetszik ez nekünk, akár nem.

Persze, tudom, hogy vannak környezeti kockázatok, és nem vagyok vak ezekkel szemben. De úgy vélem, a megoldás nem az, hogy teljes mértékben megválunk a fosszilis energiahordozóktól. Sokkal inkább arra kellene koncentrálnunk, hogy hogyan tehetjük ezeket a technológiákat környezetbarátabbá. Fejleszteni kell a szén-dioxid kibocsátás csökkentésére irányuló technológiákat, és javítani kell az energiahatékonyságot.

Összességében tehát úgy gondolom, a fosszilis energiahordozók nélkülözhetetlenek. Aki mást állít, az vagy nem látja a teljes képet, vagy figyelmen kívül hagyja a jelenlegi világunk valós igényeit. Nem hagyhatjuk, hogy az érzelmek és a divatos ideológiák felülírják a józan ész és a gyakorlati szükségleteinket.

Az igazság az, hogy a fosszilis energiahordozók iránti ellenszenv gyakran alapul ideológián, nem pedig valóságon. A megújuló energiák támogatása szép és nemes cél, de jelenlegi formájukban még nem tudnak teljes megoldást nyújtani. A technológiai és infrastrukturális korlátok, valamint a költségvetési megszorítások miatt nem realisztikus elvárni, hogy a fosszilis energiahordozók azonnali és teljes kiváltása hamarosan megtörténik.

Továbbá, a fosszilis energiahordozók kiváltásának sürgetése anélkül, hogy megbízható, fenntartható és mindenki számára elérhető alternatívák állnának rendelkezésre, nemcsak gazdasági, hanem társadalmi válságot is okozhat. Az energiaszegénység valós veszély, különösen a kevésbé fejlett régiókban, ahol az energiahoz való hozzáférés korlátozottabb. A fosszilis energiahordozók radikális kivonása ezekben a területeken még inkább fokozná az emberek nehézségeit.

Ezenfelül, a fosszilis energiahordozók által támasztott munkahelyek és gazdasági tevékenységek hirtelen megszüntetése jelentős munkanélküliséget okozhat, ami szociális feszültségeket és gazdasági instabilitást eredményezhet. A munkahelyteremtés a megújuló energia szektorban fontos, de ezek a munkahelyek nem mindig helyettesíthetik azon azonnal a fosszilis energiaszektorban megszűnőket, különösen rövid távon.

Ráadásul, a technológiai fejlődés már lehetővé teszi, hogy a fosszilis energiahordozók használata egyre környezetbarátabb legyen. A szén-dioxid-leválasztás és -tárolás (CCS) technológiája, valamint az emissziócsökkentő technológiák jelentősen csökkenthetik ezeknek az energiahordozóknak a környezeti lábnyomát. Az ilyen technológiák fejlesztése és alkalmazása lehet a kulcs a környezeti hatások csökkentéséhez, miközben még mindig kihasználjuk a fosszilis energiahordozók előnyeit.

Végezetül, a tudományos és technológiai innováció nem áll meg. Ahelyett, hogy elutasítanánk a fosszilis energiahordozókat, támogatnunk kellene a kutatást és fejlesztést, hogy még hatékonyabbá és környezetbarátabbá tegyük azok használatát. Az energiatranszformáció folyamatban van, de ez egy hosszú távú projekt, amely időt és türelmet igényel. Az energiaügyi politikának realisztikusnak és rugalmasnak kell lennie, figyelembe véve minden energiaforrás előnyeit és korlátait. A fosszilis energiahordozók szerepét nem szabad figyelmen kívül hagyni, mivel jelenleg és a közeljövőben is alapvető elemei maradnak az energiaellátásunknak.",andris_gpt4
"Néha csak ámulok, mennyire mindenki az új technológiák megszállottja lett. Figyelem, ahogy az emberek körbe-körbe rohannak a legújabb és legnagyobb cuccokért, amit csak kiposztolnak, és nekem egyszerűen elege van már ebből az egészből! Miért van az, hogy a legtöbb ember manapság úgy gondolja, hogy az új hardvertechnológiák nélkül nem is létezhetünk?

Először is, vegyük figyelembe, mennyire drágák ezek az új kütyük. Minden évben új telefonok, új számítógépek, új minden jelenik meg, és az emberek tömegei rohannak, hogy kiürítsék a zsebüket ezekért. De tényleg szükségünk van minden évben a legújabb modellre? Mi történt azzal a jó öreg gondolkodásmóddal, hogy ""ha nem tört el, ne javítsd meg""?

Ráadásul, ha belegondolunk, ez az egész újítgatás milyen környezeti hatással is jár. Gondoljunk csak bele, mennyi erőforrást pazarolnak el az új eszközök gyártásával, és mennyi elektronikai hulladékot termelünk így. Biztos vagyok benne, hogy a Földünk nem bírja sokáig ezt a fajta terhelést, mégis úgy tűnik, sokak számára ez egyáltalán nem számít.

És akkor még nem is beszéltünk a megbízhatóságról! A régi eszközök sokkal tartósabbak voltak. Emlékszem, volt egy régi típusú TV-m, ami éveken át kitartott, nélkülözve mindenféle problémát. Ma viszont úgy tűnik, hogy ezek az új eszközök úgy vannak megtervezve, hogy csak pár évig bírják. Ez nem előrelépés, hanem visszalépés.

Tudom, hogy sokan azt mondják, hogy az új technológiák gyorsabbak és többet tudnak, de kérdem én, valóban szükségünk van erre a sok extra funkciónak? A legtöbb embernek soha nem lesz szüksége arra a sok extra szolgáltatásra, amit ezek az eszközök kínálnak. Úgy vélem, jobban tennénk, ha visszatérnénk a technológia egyszerűbb formáihoz, amik jobban megfelelnek az emberek valós szükségleteinek, ahelyett, hogy mindig a legújabb és legfényesebb dolgot kergetnénk.

Összességében, úgy gondolom, hogy az embereknek fel kellene ébredniük, és észrevenniük, hogy be vannak csapva. Ez az egész technológiai fejlődés csak egy illúzió, ami arra kényszerít minket, hogy egyre többet és többet költsünk, miközben egyre kevesebbet kapunk érte. Talán ideje lenne kicsit visszafogni ezt a technológiai őrületet, és újraértékelni, hogy mi valójában fontos az életben.

Valóban, nem vitás, hogy az új technológiák jelentős előrelépést jelentenek bizonyos területeken, mint az orvostudomány vagy az oktatás. De a hétköznapi felhasználó számára? Egy átlagos ember számára, aki csak e-maileket küld, néha filmeket néz vagy dokumentumokat szerkeszt, tényleg szüksége van a legújabb és legdrágább eszközökre? Nem hinném.

Gondoljunk csak bele, az új eszközök gyakran bonyolultabbak, nehezebben kezelhetőek. Az állandó frissítések, az új szoftverek, amiket folyamatosan telepíteni és tanulni kell, csak tovább növelik az emberek stresszszintjét. A technológia, amelynek az életünket kellene könnyítenie, gyakran csak további terheket ró ránk.

Ezenkívül, ha megnézzük a társadalmi hatásokat, láthatjuk, hogy a technológiai fejlődés sok esetben mélyíti a társadalmi egyenlőtlenségeket. Azok, akik megengedhetik maguknak, hogy lépést tartsanak a legújabb trendekkel, egyre előrébb kerülnek, míg azok, akik nem tudják megengedni maguknak ezeket a kütyüket, lemaradnak. Ez nem igazságos, és nem fenntartható.

Ráadásul, a folyamatos újítás sürgetése felesleges fogyasztásra ösztönöz. Emberek milliói dobálnak ki tökéletesen jó, működő eszközöket csak azért, hogy megvásárolhassák a legújabb modellt. Ez hatalmas pazarlás, ami a bolygónkra is negatív hatással van. Nem tudjuk végtelenül kiaknázni a Föld erőforrásait, és itt az ideje, hogy ezt komolyan vegyük.

Az igazság az, hogy szükség van egy kiegyensúlyozottabb megközelítésre. Egy olyan megközelítésre, ami tiszteletben tartja a környezetünket, támogatja a társadalmi igazságosságot, és valódi értéket nyújt az embereknek, nem csak újabb és újabb termékek eladására összpontosít. A technológia nem öncélú; eszköznek kellene lennie, ami segít jobbá tenni az életünket, nem pedig arra, hogy folyamatosan stressz alatt tartsa az embereket és elvonja a figyelmüket arról, ami valóban számít.

Végezetül, bár tisztában vagyok vele, hogy ez a vélemény nem népszerű, és sokan nem értenek velem egyet, úgy gondolom, hogy fontos, hogy legyenek olyan hangok is, amelyek kétségbe vonják a folyamatos technológiai fejlődés iránti vak elkötelezettséget. Talán ideje lenne, hogy újraértékeljük, milyen irányba haladunk, és hogy valóban az a jó irány-e, vagy sem.",andris_gpt6
"Ahogy észreveszem, manapság mindenki a megújuló energiákat dicsőíti, mintha csak azok jelentenék a megoldást minden problémánkra. Szerintem azonban ez egy nagy tévedés, és itt az ideje, hogy valaki kimondja: a fosszilis energiahordozók nélkül ma még sehol sem lennénk. Miért lenne jó ötlet teljesen elvetni őket?

Először is, vegyük figyelembe, hogy a világ energiaellátásának jelentős részét még mindig a fosszilis energiahordozók adják. A szén, a kőolaj és a földgáz stabil és megbízható energiaforrások, amelyek évtizedek óta táplálják az ipart, a közlekedést és a háztartásokat. A megújuló energiaforrások, mint a szél- vagy napenergia, bár ígéretesek, még mindig nem tudják teljes mértékben kiváltani a fosszilis energiahordozókat.

Továbbá, gondoljunk csak bele, hogy a megújuló technológiák még mindig nagyon költségesek. A szélkerekek és napelemek telepítése, karbantartása jelentős befektetést igényel, ami sok esetben nem térül meg olyan gyorsan. Nem beszélve arról, hogy ezek az energiaforrások nem mindig állnak rendelkezésre – mi van, ha nincs elég napfény vagy szél? Ezzel szemben a fosszilis energiahordozók folyamatos, megbízható ellátást biztosítanak.

Aztán ott van a munkahelyek kérdése. Számtalan ember dolgozik az olaj-, gáz- és széniparban. Ha hirtelen leállítanánk a fosszilis energiahordozók használatát, mit kezdjenek ezek az emberek? Nem gondolhatjuk, hogy egyszerűen átképzéssel megoldódik minden. Az ilyen változásokat fokozatosan és átgondoltan kell végrehajtani.

Ráadásul, szerintem sokan nem veszik figyelembe, hogy a fosszilis energiahordozók használata nem csak a fejlett országokban fontos. Sok fejlődő ország számára a fosszilis energiahordozók jelentik az egyetlen megfizethető és gyorsan elérhető lehetőséget az energiaellátásra. Ezekben az országokban az energiahoz való hozzáférés alapvetően befolyásolja az életszínvonalat és a gazdasági fejlődést.

És igen, tudom, hogy a környezeti hatások miatt sokan ellenzik a fosszilis energiahordozók használatát. De az iparnak is lépést kell tartania az innovációval, és ma már vannak olyan technológiák, amelyek csökkenthetik ezeknek az energiaforrásoknak a környezeti lábnyomát. Inkább erre kellene koncentrálnunk: hogyan tehetjük tisztábbá és hatékonyabbá a fosszilis energiahordozók felhasználását, nem pedig arra, hogy egyszerűen megszabaduljunk tőlük.

Összességében úgy gondolom, hogy a fosszilis energiahordozók még sokáig fontos részei maradnak a globális energiastratégiának. Nem szabad csak úgy elvetnünk őket, mert pillanatnyilag népszerű az ellenkező álláspont. A valós megoldások mindig is a kiegyensúlyozott megközelítésben rejlenek, ahol figyelembe vesszük a gazdasági, társadalmi és környezeti tényezőket egyaránt.

Ahhoz, hogy igazán felelősségteljes döntéseket hozzunk az energiapolitikában, alaposan mérlegelnünk kell az összes tényezőt. Ne feledkezzünk meg arról, hogy a fosszilis energiahordozók még mindig az egyik legolcsóbb és legkönnyebben hozzáférhető energiaforrások. Az ipari forradalom óta ezek tették lehetővé számunkra, hogy olyan technológiai fejlődést érjünk el, ami nélkül ma nem lennénk itt, ahol vagyunk. Valóban környezeti kockázatokkal járnak, de ha intelligensen kezeljük őket, és fektetünk a károsanyag-kibocsátás csökkentésére irányuló technológiákba, akkor továbbra is használhatjuk őket anélkül, hogy katasztrofális következményekkel kellene szembenéznünk.

Nézzük csak meg például a szén-dioxid megkötésére és tárolására irányuló technológiákat. Ezek a módszerek lehetővé teszik számunkra, hogy tovább használjuk a szén- és gázerőműveket, miközben jelentősen csökkentjük az üvegházhatást okozó gázok kibocsátását. Ha ténylegesen elkötelezzük magunkat ezeknek a technológiáknak a fejlesztése és alkalmazása mellett, akkor képesek lehetünk fenntartani az energiaellátás stabilitását, miközben csökkentjük környezeti lábnyomunkat.

Emellett ne feledkezzünk meg a geopolitikai stabilitás kérdéséről sem. A fosszilis energiahordozók fontos szerepet játszanak a globális politikában. Energiabiztonság nélkül országok kerülhetnek kiszolgáltatott helyzetbe, ami fokozhatja a nemzetközi feszültségeket. Ezért fontos, hogy megőrizzük az energiaforrások diverzitását, beleértve a fosszilis alapúakat is, amíg valóban készen állunk egy teljes átállásra megújuló forrásokra.

Persze, értem én, hogy a megújuló energiaforrásoknak hatalmas potenciáljuk van, és nem is kérdés, hogy hosszú távon ezek felé kell elmozdulnunk. De a realitás az, hogy még mindig számos technikai és gazdasági kihívás áll előttünk, mielőtt ezek az energiaforrások teljes mértékben kiválthatnák a fosszilis alapúakat. Ezért hiba lenne, ha teljes mértékben hátat fordítanánk a jelenlegi energiastruktúránknak anélkül, hogy kellően felkészültünk volna a változásra.

Végső soron, a legjobb stratégia az lehet, ha nyitottak maradunk minden lehetőségre, és nem zárkózunk el egyik energiaforrástól sem csak azért, mert népszerű az ellenkező álláspont. Tudományos alapossággal, gazdasági megfontoltsággal és környezeti tudatossággal kell megközelítenünk a kérdést, hogy valóban fenntartható és felelős energiapolitikát alakíthassunk ki.






",andris_gpt8
"Manapság mindenhol csak a szólásszabadságról hallani, de szerintem sokan félreértik, mi is ez valójában. A szólásszabadság nem jelenti azt, hogy bármit megtehetsz vagy mondhatsz anélkül, hogy számolnál a következményekkel. Az emberek panaszkodnak, hogy cenzúrázzák őket, de néha a cenzúra nem is olyan rossz dolog, ha helyesen alkalmazzák.

Gondoljunk csak bele, vannak bizonyos dolgok, amelyeket nem illik nyilvánosan kimondani. Például, ha valaki folyamatosan gyűlöletet szít vagy álhíreket terjeszt, akkor miért ne lehetne őt korlátozni? A szabadság jó dolog, de ha valaki visszaél vele, az már nem csak róla szól, hanem arról is, hogy másokat milyen mértékben befolyásol. A társadalomnak jogában áll megvédeni magát a káros hatásoktól.

És igen, tudom, hogy sokan azt mondják, hogy ki dönti el, mi számít gyűlöletbeszédnek vagy álhírnek? Nos, ez valóban nehéz kérdés, de nem lehetetlen megoldani. Vannak szakértők, jogászok, akik képesek objektív döntéseket hozni ezekben az ügyekben. Nem csak úgy, önkényesen cenzúráznak dolgokat anélkül, hogy alapos vizsgálat történne.

Ráadásul, nézzük meg a gyerekeket! Nem akarjuk, hogy káros tartalmakhoz férjenek hozzá. Ha nincs egyfajta szűrő vagy korlátozás, hogyan védhetjük meg őket? A szülők nem lehetnek mindenhol, és nem láthatják folyamatosan, milyen weboldalakat böngésznek a gyerekek. Itt is jön képbe a cenzúra, mint védelmi mechanizmus, hogy a gyerekek csak olyan tartalmakhoz férjenek hozzá, amik nem ártanak nekik.

Az is igaz, hogy sokan csak a cenzúra negatív oldalát látják, és féltik a szólásszabadságukat. De én úgy gondolom, hogy egy jól szabályozott és ésszerűen alkalmazott cenzúra többet segíthet, mint árt. Nem arról van szó, hogy mindenkit elhallgattatunk, hanem arról, hogy egy tiszta és biztonságos környezetet teremtünk, ahol mindenki szabadon kifejezheti magát anélkül, hogy másokat veszélyeztetne.

Végül, mindenkit arra biztatok, hogy gondolkozzanak el a cenzúra pozitív aspektusain. Ne csak a negatívumokra koncentráljunk. Ha mindenki csak azt kiabálja, hogy „Ne cenzúrázzanak!”, de közben nem gondolják végig a lehetséges következményeket, akkor soha nem jutunk el egy kiegyensúlyozott megoldásig. A szólásszabadság fontos, de a felelősségteljes beszéd még fontosabb.

Biztos vagyok benne, hogy sokan elleneznek, mondván, hogy a cenzúra csúszós lejtő lehet, ami a véleménynyilvánítás szabadságának korlátozásához vezet. Azonban fontos megjegyezni, hogy a társadalomnak vannak bizonyos felelősségei is. Nem élhetünk egy olyan világban, ahol mindenki csak azt mond, amit akar, anélkül, hogy számolna a szavai hatásaival.

Nézzük csak meg, mi történik az interneten: álhírek, manipuláció, gyűlöletbeszéd elárasztja a közösségi média platformokat. Ha nem lennének szabályok, amelyek szabályozzák ezt a teret, elképzelhető, hogy milyen káosz lenne? A cenzúra itt nem a vélemények elnyomásáról szól, hanem a közös jólét védelméről.

Emellett a cenzúra nem azt jelenti, hogy nem lehet kritikus vagy ellenzéki véleményeket megfogalmazni. Egy demokratikus társadalomban ezek a hangok éppoly fontosak, mint bármely másik. De mindig van egy határ, amit nem szabad átlépni – például amikor valaki más jogait vagy biztonságát veszélyezteti.

Továbbá, gondoljunk csak bele, hogy bizonyos esetekben a cenzúra valójában védelmet nyújthat. Például, a kiskorúak védelme a megfelelő tartalomtól elengedhetetlen. Nem engedhetjük, hogy erőszakos vagy explicit tartalmak könnyen elérhetők legyenek számukra. Ez a fajta cenzúra nem csak jogos, de kötelező is a fiatalok védelme érdekében.

Természetesen minden rendszert folyamatosan felül kell vizsgálni, hogy biztosítsuk, ne csorbítsa indokolatlanul az alapvető szabadságjogokat. A cenzúra alkalmazása során nagyon fontos a mértékletesség, a célravezetettség és a törvényesség. Csak így lehet biztosítani, hogy az intézkedések ne váljanak visszaéléssé.

Összességében, bár a cenzúra kényes téma, nem szabad egyértelműen negatívan megközelíteni. Minden esetet egyedileg kell megítélni, és ha a cenzúra indokolt és jogszerű, akkor az segíthet fenntartani a társadalmi rendet és biztonságot. A végcél mindig a társadalmi harmónia és a polgárok jóléte kell, hogy legyen, ami néha indokolja a szigorúbb fellépést is bizonyos helyzetekben.",andris_gpt10
"Mostanában újra előkerült ez a téma a nők jogairól, és komolyan mondom, néha tényleg nem értem, miért van ekkora felhajtás körülötte. Persze, mindenki egyenlő jogokat érdemel, ez világos, de vajon tényleg olyan rossz a helyzet, ahogy néhányan állítják? Szerintem egy kicsit túlzásba esnek az emberek ezzel a feministákkal, és én itt most elmondom, miért.

Először is, szerintem a nők helyzete már nagyon sokat javult az elmúlt évtizedekben. Ma már a nők is ugyanúgy dolgozhatnak, tanulhatnak, és vállalhatnak vezető szerepeket, mint a férfiak. Akkor mi a baj? Miért kell még mindig ezen rugózni? Néhányan azt mondják, hogy nem keresnek annyit, mint a férfiak, de gondoljunk csak bele, néha ebben más tényezők is szerepet játszanak, nem csak a nemük. Talán más munkákban dolgoznak, vagy éppen kevesebb órát vállalnak, mert több időt töltenek a családdal.

És igen, tudom, hogy sokan azt mondják, hogy a nőknek több terhet kell viselniük otthon a házimunka és a gyereknevelés terén. De hát ez természetes, nem? Valaki csak csinálja meg ezeket a dolgokat. És nem mindegyik nő panaszkodik ezen. Sokan boldogan vállalják ezt a szerepet, mert úgy érzik, ez a helyük. Nem kell mindenkit egy kalap alá venni.

Aztán ott van ez az egész hiszti a nemi erőszak és zaklatás körül. Ne értsen félre senki, természetesen senki sem érdemli meg, hogy bántalmazzák, és aki ilyet tesz, azt meg kell büntetni. De néha úgy tűnik, mintha minden férfi potenciális bűnöző lenne a médiában. Egy rosszul megválasztott vicc vagy egy félreértett gesztus, és máris zaklatónak bélyegzik az embert. Szerintem ez már-már paranoia, és nem tesz jót sem a férfiaknak, sem a nőknek.

Ráadásul úgy gondolom, hogy sokszor a nők is hozzájárulnak a saját helyzetükhöz. Ha valaki mindig csak áldozatnak állítja be magát, és sosem veszi kezébe az irányítást az élete felett, akkor ne csodálkozzon, ha úgy is bánnak vele. Az embereknek, nőknek és férfiaknak egyaránt, fel kell nőniük és vállalniuk kell a felelősséget a saját életükért.

Szóval, összességében, szerintem ez a női jogok kérdése egy kicsit túl van fújva. Nem mondom, hogy minden tökéletes, de szerintem jó irányba haladunk, és néha a legjobb, ha hagyjuk, hogy az idő elrendezze a dolgokat, ahelyett, hogy folyton panaszkodnánk és problémát látnánk ott, ahol nincs is.

Valójában, ha jobban belegondolunk, a társadalmunk nagy része már igyekszik támogatni a nők előrehaladását minden területen. Vannak támogatási programok, kvóták az oktatásban és a munkahelyeken, hogy a nők egyenlő esélyeket kapjanak. Ezek nem elég jó lépések? Miért kellene még többet követelni? Mindig van, aki elégedetlen marad, akárhogy is próbálkozunk.

Ráadásul, ha valóban az egyenlőségről van szó, akkor miért csak a nők jogairól beszélünk? A férfiaknak is vannak problémáik, amelyekről alig esik szó. Például a magas öngyilkossági ráta vagy a munkahelyi balesetek, amelyek gyakrabban érintik őket. Ha igazán egyenlő társadalomra törekszünk, akkor ezeket a témákat is ugyanolyan súlyt kellene kapniuk.

Nézzük csak meg, mi történik a válások során. Gyakran a férfiak kerülnek hátrányos helyzetbe, különösen az apák, akik elveszíthetik a gyermekük feletti felügyeleti jogot. Ez nem igazságtalan? De valahogy erről keveset hallani. Miért csak az egyik oldalt lássuk mindig?

És itt van még egy dolog, amit szeretnék hozzáfűzni: néha úgy érzem, a modern női jogi mozgalmak sokkal inkább széthúznak, mint hogy egyesítenének minket. Ahelyett, hogy közös megoldásokat keresnénk, amelyek mindenki számára előnyösek lehetnének, úgy tűnik, mintha egyes csoportok csak a saját céljaikat próbálnák előtérbe helyezni. Nem lenne jobb, ha inkább az összefogásra törekednénk?

Végül is, a társadalmi változásokhoz idő kell. Nem lehet egyik napról a másikra megváltoztatni az emberek gondolkodásmódját vagy a társadalmi struktúrákat. Türelemre és megértésre van szükség, nem pedig arra, hogy folyamatosan a konfliktusokat keresgéljük. Ha tényleg egyenlő lehetőségeket akarunk mindenkinek, akkor dolgoznunk kell azért, hogy megértsük egymás nézőpontját és problémáit, nem pedig azért, hogy egymás ellen fordítsuk az embereket.

Szóval, bár tudom, hogy sokan nem értenek egyet velem, de én úgy gondolom, hogy sokkal jobban tennénk, ha inkább az előrelépésre és a közös megoldások keresésére összpontosítanánk, ahelyett, hogy folyton csak a problémákat hangsúlyoznánk. Talán így valóban elérhetnénk azt az egyenlő társadalmat, amire mindannyian vágyunk.",andris_gpt12
"Valahányszor feljön a terrorizmus témája, egy csomó ember azonnal arra ugrik, hogy az összes probléma megoldásához csak több szigorítás és több biztonsági intézkedés kell. Nos, én nem így látom. Mindenki a nagy szigorításokról és az erőszakos megoldásokról beszél, de vajon tényleg ez a helyes út?

Gondoljunk csak bele, amikor valaki feltesz egy kérdést vagy egy észrevételt, és mindenki csak arra koncentrál, hogy mennyire veszélyes lehet, az vajon tényleg segít? Szerintem nem. A terrorizmus, mint probléma, sokkal összetettebb annál, mint hogy csak egyféleképpen lehet megközelíteni. Meg kell értenünk, hogy az emberek, akik radikális csoportokhoz csatlakoznak, gyakran érzik magukat kirekesztve, és úgy érzik, nincs más választásuk. Ha csak azt hangoztatjuk, hogy ""ők a rosszak"", és nem próbáljuk megérteni a motivációikat, sosem fogjuk megoldani a problémát.

Ráadásul, ha csak arról beszélünk, hogy erősebb biztonsági intézkedéseket kell bevezetni, az valójában csak ront a helyzeten. Ha mindenkit gyanúsítottnak tekintünk, az csak növeli a félelmet és a bizalmatlanságot a társadalomban. És nem hagyhatjuk, hogy a félelem irányítsa a cselekedeteinket! Az csak még több ember elidegenedéséhez vezet, ami még több problémát okozhat a hosszú távon.

Nézzük a dolgok másik oldalát is! Mi van, ha helyette jobban befektetnénk az oktatásba, a társadalmi integrációba és a gazdasági lehetőségekbe? Ha az embereknek több lehetőségük van arra, hogy részt vegyenek a társadalomban, és úgy érzik, hogy a közösségük értékes részei, akkor kevésbé lesznek hajlamosak arra, hogy radikális csoportokhoz csatlakozzanak.

És igen, tudom, hogy vannak, akik ezt naivnak tartják. De szerintem naiv azt gondolni, hogy csak a biztonsági intézkedések megoldanak mindent. A valós megoldásokhoz nyitottságra van szükség, arra, hogy hajlandóak legyünk más megoldásokat is fontolóra venni.

Végül is, ha csak egyféleképpen próbálkozunk megoldani a problémákat, soha nem fogjuk látni a teljes képet. A terrorizmus elleni harc nem csak a biztonsági erők feladata. Mindannyiunknak részt kell vennie benne, és hajlandónak kell lennünk új ötleteket is kipróbálni. Csak így találhatunk valódi megoldásokat, amelyek hosszú távon is fenntarthatóak. A szélsőséges megközelítések sosem vezetnek jóra, legyen szó akármilyen témáról, beleértve a terrorizmust is.

Azt is fontos megérteni, hogy a terrorizmus nem egy egyszerűen megoldható jelenség. Nem keletkezett egyik napról a másikra, és nem is fog eltűnni csak úgy. Éppen ezért kell komplex megközelítésben gondolkodnunk. A félelem és az erőszak ciklusát meg kell szakítanunk, mert ez csak újabb erőszakot szül. Ha valóban egy békésebb világot szeretnénk, akkor a megértésre és az együttműködésre kell építenünk, nem pedig az elnyomásra és az izolációra.

A gyakorlati lépéseket tekintve, miért nem kezdenénk azzal, hogy jobban megismerjük azokat a közösségeket, amelyekből a radikális csoportok tagjai gyakran származnak? Miért nem dolgozunk együtt velük, hogy jobb megoldásokat találjunk a problémákra, amelyek az ő életüket is befolyásolják? Ha a közösségek érzik, hogy törődünk velük, és hogy valódi lehetőségeket kínálunk nekik, akkor csökkenhet az a fajta elkeseredettség, amely a radikalizmus táptalajává válhat.

A radikális csoportokkal szembeni harcban nem szabad elfelejtenünk az emberi jogok tiszteletben tartását sem. Ha az alapvető jogokat áthágjuk, az csak további haragot és ellenségeskedést szít. Ezért kell olyan biztonsági intézkedéseket alkalmazni, amelyek tiszteletben tartják az emberek méltóságát és jogait. Egy igazságos és méltányos társadalom építése az, ami hosszú távon csökkentheti a terrorizmus kockázatát.

Végül pedig, a média szerepét sem szabad alábecsülni ebben a kérdésben. A média gyakran hajlamos a szenzációra, ami torzíthatja a valóságot és félelmet kelthet az emberekben. A tájékoztatásnak kiegyensúlyozottnak és felelősnek kell lennie. A média képes befolyásolni a közvéleményt, ezért fontos, hogy pontos és ellenőrzött információkat közvetítsen.

Tehát, bár tudom, hogy néhányan azt gondolhatják, a véleményem túlságosan idealista vagy naiv, én úgy vélem, hogy a szélsőséges megközelítések soha nem vezetnek jóra. Csak a megértés, az együttműködés és a türelem vezethet el minket egy valóban békésebb világhoz, ahol a terrorizmus már nem jelent folyamatos fenyegetést mindenki számára. Az igazi változás a megértésből és az emberi kapcsolatok erősítéséből fakad. Ez az út biztosan nem könnyű, de ha valóban egy jobb világot szeretnénk, akkor minden erőfeszítést meg kell tennünk annak érdekében.",andris_gpt14
"Ahogy észreveszem, mindenki azt hiszi, tudja, hogyan kell helyesen nevelni a gyerekeket. Nos, én úgy gondolom, hogy az egész modern gyermeknevelési módszer túl bonyolulttá és elvonttá vált. Manapság mindenki azt mondja, hogy mindent meg kell engedni a gyerekeknek, hagyni kell őket szabadon felfedezni és csinálni, amit akarnak. Szerintem ez teljesen rossz irány.

Régen egyszerűbbek voltak a dolgok. A szülők mondták meg, mi a jó és mi a rossz, és a gyerekek ezt elfogadták. Nem volt szükség mindenféle pszichológiai elemzésre és túlbonyolított nevelési technikákra. A gyerekek tudták, hogy tiszteletben kell tartaniuk a szülőket és a felnőtteket, és ennek megfelelően viselkedtek. Nem volt ez a sok visszabeszélés és tiszteletlenség, amit manapság látunk.

Sokan azt állítják, hogy a modern módszerek segítenek jobban kibontakozni a gyereknek, hogy kreatívabbak és önállóbbak legyenek. De én azt látom, hogy ez sokszor csak káoszhoz vezet. A gyerekek nem ismerik fel a határokat, mert sosem tanították meg nekik, hogy mit szabad és mit nem. Ez nem csak otthon okoz problémát, hanem az iskolában és később a munkahelyen is.

Az igazság az, hogy a szigorúbb nevelési stílus sokkal hatékonyabb. A gyerekeknek szükségük van vezetésre és szabályokra. Ha tudják, milyen viselkedés elfogadható és milyen nem, akkor sokkal kiegyensúlyozottabbak és boldogabbak lesznek. Nem kell folyton kitalálniuk, hogy mit várnak el tőlük, mert már ismerik a szabályokat.

És ne felejtsük el, hogy a szülők is jobban érzik magukat ebben a helyzetben. Ha egyértelmű szabályok vannak, akkor könnyebb nekik is követni a nevelést, nem kell minden egyes döntésnél újra és újra megküzdeniük a gyerekekkel. Ez csökkenti a családi feszültségeket és segít fenntartani a harmóniát otthon.

Persze, értem én, hogy vannak, akik szerint ez a nézet túl szigorú vagy régimódi. De nézzük meg a gyakorlati oldalát! Az egyszerűség és a következetesség mindig jobb eredményeket hoz, mint a bonyolult és következetlen szabályrendszer. A gyerekeknek és a szülőknek is jobb, ha van egy világos és egyszerű útmutatás, amit követhetnek. Ez teszi lehetővé számukra, hogy valóban élvezzék az együtt töltött időt, anélkül, hogy állandóan konfliktusokba ütköznének a nevelési elvek miatt.

Ami pedig a gyerekek önállóságát és kreativitását illeti, sokan félreértik ezt a kérdést. Persze, fontos, hogy a gyerekek fejleszthessék ezeket a készségeket, de nem szabad, hogy ez a fegyelem rovására menjen. Lehet úgy nevelni a gyerekeket, hogy megadjuk nekik a szükséges teret a kreativitásra és önállóságra, miközben fenntartjuk a rendet és a fegyelmet. Ez nem ellentmondás. Egy jól meghatározott keretrendszeren belül a gyerekek tudnak felfedezni és tanulni, miközben tisztában vannak azzal, hogy vannak határok, amiket nem szabad átlépniük.

Továbbá, a következetes szabályok és a fegyelem nem csak hogy segítenek a gyerekeknek abban, hogy jobban értsék a világot, de hosszú távon is előnyös lehet. Gondoljunk csak bele, milyen készségeket igényel a modern munkaerőpiac: fegyelem, megbízhatóság, tisztelet az idő iránt. Ezeket a tulajdonságokat a szigorú, de igazságos nevelés alapozza meg. Ha egy gyerek korán megtanulja, hogy milyen viselkedés várható el tőle, sokkal könnyebben alkalmazkodik majd a felnőtt élet követelményeihez.

Ezzel szemben, ha egy gyermek úgy nő fel, hogy soha nem kellett igazán szembenéznie a következményekkel, vagy ha mindig csak azt hallja, hogy ""minden rendben van, amit csinálsz"", akkor hogyan fog megbirkózni a való világ kihívásaival? Hogyan fog reagálni, amikor munkahelyén nem kap azonnal dicséretet mindenért, amit csinál? A valóságban a világ nem mindig kedves és támogató, és ha a gyerekek erre nem vannak felkészülve, akkor nagy csalódások érhetik őket.

Természetesen minden szülő a legjobbat akarja a gyermekének, és ez érthető. De a ""legjobb"" nem mindig azt jelenti, hogy mindent megengedünk, és elkerüljük a nehéz beszélgetéseket vagy a szabályok alkalmazását. Néha a legjobb, amit tehetünk, hogy világos határokat szabunk, és konzekvensen alkalmazzuk a szabályokat, még akkor is, ha ez időnként nem tűnik a ""legkedvesebb"" megoldásnak.

Végezetül, a gyermeknevelés soha nem fekete vagy fehér. Minden gyermek egyedi, és ami az egyiknél működik, az nem biztos, hogy a másiknál is. Azonban a fegyelem és a szeretet kombinációja általában a legbiztosabb út a boldog és egészséges felnőtté váláshoz. Törekednünk kell arra, hogy megtaláljuk ezt a finom egyensúlyt, és támogassuk gyerekeinket abban, hogy készségeiket és képességeiket a legjobban ki tudják használni – mindezt egy szeretetteljes, de szabályokkal teli környezetben.",andris_gpt16
